url,name,address,city,state,phone
https://www.darkhorse.cpa/locations/cody/,Results,"1508 Stampede Ave, Cody, WY 82414",Cody,WY,(307) 414-9677
https://jamesreillycpa.com/,Results,"1131 13th St #102, Cody, WY 82414",Cody,WY,(307) 587-6256
https://yta.cpa/,Results,"919 Sheridan Ave, Cody, WY 82414",Cody,WY,(307) 735-3900
https://nieterstaxservice.taxdome.com/,Results,"1814 Sheridan Ave, Cody, WY 82414",Cody,WY,(307) 587-2234
https://www.blacksummitgroup.com/,Results,"1222 11th St, Cody, WY 82414",Cody,WY,(307) 587-6104
https://www.mhpas.com/,Results,"1131 13th St Suite #210, Cody, WY 82414",Cody,WY,(307) 634-2151
https://www.hrblock.com/tax-office-near-me/wyoming/cody/14450/?otppartnerid=9308&campaignid=pw_mcm_9308_9762&utm_medium=local,Results,"1825 Stampede Ave, Cody, WY 82414",Cody,WY,(307) 587-5457
http://www.codybookkeeping.net/,Results,"1302 Sheridan Ave suite k, Cody, WY 82414",Cody,WY,(307) 272-9088
http://www.klbaccountingservices.com/,Results,"3244 Lame Deer Ave, Cody, WY 82414",Cody,WY,(307) 899-3329
https://www.edwardjones.com/us-en/financial-advisor/rob-boysen?y_source=1_NjQwMjcyLTcxNS1sb2NhdGlvbi53ZWJzaXRl,Results,"1121 13th St, Cody, WY 82414",Cody,WY,(307) 587-2269
https://connect.thrivent.com/high-country-financial-group,Results,"205 Trail Ave, Cody, WY 82414",Cody,WY,(307) 587-4490
http://copperlinewealth.com/,Results,"1517 Rumsey Ave, Cody, WY 82414",Cody,WY,(307) 586-1880
http://www.absarokawm.com/,Results,"1438 Sheridan Ave # 101, Cody, WY 82414",Cody,WY,(307) 586-2700
http://seckmanthomaspc.com/,Results,"544 Gateway Dr, Powell, WY 82435",Powell,WY,(307) 754-2141
https://laurensteltingwy.fbfsagents.com/,Results,"720 Allen Ave, Cody, WY 82414",Cody,WY,(307) 587-5000
https://www.codywy.gov/263/Paul-Stock-Aquatic-and-Recreation-Center,Results,"1402 Heart Mountain St, Cody, WY 82414",Cody,WY,(307) 587-0400
https://kkmattorneys.com/,Results,"1233 Bleistein Ave, Cody, WY 82414",Cody,WY,(307) 587-3783
http://sbwcpas.net/,Results,"428 Alan Rd, Powell, WY 82435",Powell,WY,(307) 754-1010
https://www.seaeng.com/,Results,"1001 12th St, Cody, WY 82414",Cody,WY,(307) 509-5541
https://parkcounty-wy.gov/county-assessor/,Results,"1002 Sheridan Ave #9, Cody, WY 82414",Cody,WY,(307) 527-8650
https://meineckesitz.com/,Results,"1513 Beck Ave, Cody, WY 82414",Cody,WY,(307) 587-1300
http://www.highpointcpa.com/,Results,"401 E Fremont St, Laramie, WY 82072",Laramie,WY,(307) 745-7241
https://www.edwardjones.com/us-en/financial-advisor/kelby-scott?y_source=1_MzYwMzU2MS03MTUtbG9jYXRpb24ud2Vic2l0ZQ%3D%3D,Results,"1807 Stampede Ave, Cody, WY 82414",Cody,WY,(307) 527-9777
http://www.cpawyo.com/,Results,"111 S Durbin St #300, Casper, WY 82601",Casper,WY,(307) 577-4040
http://www.butler-accounting.com/,Results,"153 E Main St, Lovell, WY 82431",Lovell,WY,(307) 548-7381
https://www.clockworkacctg.com/,Results,"30 N Gould St #43258, Sheridan, WY 82801",Sheridan,WY,(888) 534-6771
https://en-twinebusiness.com/,Results,,Cody,WY,
https://cpicollects.com/,Results,"1044 Beck Ave, Cody, WY 82414",Cody,WY,(307) 587-4761
https://www.americanwestrealty.com/,Results,"2945 Big Horn Ave, Cody, WY 82414",Cody,WY,(307) 587-9608
