url,name,address,city,state,phone
https://www.darkhorse.cpa/locations/cody/,Results,"1508 Stampede Ave, Cody, WY 82414",Cody,WY,(307) 414-9677
https://yta.cpa/,Results,"919 Sheridan Ave, Cody, WY 82414",Cody,WY,(307) 735-3900
https://www.blacksummitgroup.com/,Results,"1222 11th St, Cody, WY 82414",Cody,WY,(307) 587-6104
https://wyocpas.com/,Results,"1222 11th St, Cody, WY 82414",Cody,WY,(307) 587-6104
https://nieterstaxservice.taxdome.com/,Results,"1814 Sheridan Ave, Cody, WY 82414",Cody,WY,(307) 587-2234
http://www.codybookkeeping.net/,Results,"1302 Sheridan Ave suite k, Cody, WY 82414",Cody,WY,(307) 272-9088
https://www.mhpas.com/,Results,"1131 13th St Suite #210, Cody, WY 82414",Cody,WY,(307) 634-2151
http://www.highpointcpa.com/,Results,"401 E Fremont St, Laramie, WY 82072",Laramie,WY,(307) 745-7241
https://www.clockworkacctg.com/,Results,"30 N Gould St #43258, Sheridan, WY 82801",Sheridan,WY,(888) 534-6771
